ClusterVersion,Timestamp,CurrentJob,CurrentStep,NodeName,CPU(m),Memory(Mi)
v1.30.9-eks-8cce635,2025-02-01T06:59:09Z,cpu-stress,Set up job,ip-10-0-24-210.us-west-2.compute.internal,91,1627.316
v1.30.9-eks-8cce635,2025-02-01T06:59:11Z,cpu-stress,Set up job,ip-10-0-24-210.us-west-2.compute.internal,91,1627.316
v1.30.9-eks-8cce635,2025-02-01T06:59:13Z,cpu-stress,Set up job,ip-10-0-24-210.us-west-2.compute.internal,91,1627.316
v1.30.9-eks-8cce635,2025-02-01T06:59:16Z,cpu-stress,Set up job,ip-10-0-24-210.us-west-2.compute.internal,91,1627.316
v1.30.9-eks-8cce635,2025-02-01T06:59:18Z,cpu-stress,Set up job,ip-10-0-24-210.us-west-2.compute.internal,91,1627.316
v1.30.9-eks-8cce635,2025-02-01T06:59:20Z,file-operations,Set up runner,ip-10-0-24-210.us-west-2.compute.internal,91,1627.316
v1.30.9-eks-8cce635,2025-02-01T06:59:22Z,file-operations,Harden Runner,ip-10-0-24-210.us-west-2.compute.internal,91,1627.316
v1.30.9-eks-8cce635,2025-02-01T06:59:24Z,setup-environment,Set up runner,ip-10-0-24-210.us-west-2.compute.internal,1507,1871.402
v1.30.9-eks-8cce635,2025-02-01T06:59:26Z,docker-operation,Check out repository,ip-10-0-24-210.us-west-2.compute.internal,1507,1871.402
v1.30.9-eks-8cce635,2025-02-01T06:59:28Z,setup-environment,Check out repository,ip-10-0-24-210.us-west-2.compute.internal,1507,1871.402
v1.30.9-eks-8cce635,2025-02-01T06:59:31Z,cpu-stress,Install Node and Python Dependencies,ip-10-0-24-210.us-west-2.compute.internal,1507,1871.402
v1.30.9-eks-8cce635,2025-02-01T06:59:33Z,cpu-stress,Install Node and Python Dependencies,ip-10-0-24-210.us-west-2.compute.internal,1507,1871.402
v1.30.9-eks-8cce635,2025-02-01T06:59:35Z,cpu-stress,Install Node and Python Dependencies,ip-10-0-24-210.us-west-2.compute.internal,1507,1871.402
v1.30.9-eks-8cce635,2025-02-01T06:59:37Z,cpu-stress,Install Node and Python Dependencies,ip-10-0-24-210.us-west-2.compute.internal,1507,1871.402
v1.30.9-eks-8cce635,2025-02-01T06:59:39Z,cpu-stress,Install Node and Python Dependencies,ip-10-0-24-210.us-west-2.compute.internal,1996,2363.684
v1.30.9-eks-8cce635,2025-02-01T06:59:41Z,cpu-stress,Install Node and Python Dependencies,ip-10-0-24-210.us-west-2.compute.internal,1996,2363.684
v1.30.9-eks-8cce635,2025-02-01T06:59:44Z,cpu-stress,Install Node and Python Dependencies,ip-10-0-24-210.us-west-2.compute.internal,1996,2363.684
v1.30.9-eks-8cce635,2025-02-01T06:59:46Z,setup-environment,Set up Node and Python,ip-10-0-24-210.us-west-2.compute.internal,1996,2363.684
v1.30.9-eks-8cce635,2025-02-01T06:59:48Z,setup-environment,Set up Node and Python,ip-10-0-24-210.us-west-2.compute.internal,1996,2363.684
v1.30.9-eks-8cce635,2025-02-01T06:59:50Z,setup-environment,Set up Node and Python,ip-10-0-24-210.us-west-2.compute.internal,1996,2363.684
v1.30.9-eks-8cce635,2025-02-01T06:59:52Z,setup-environment,Set up Node and Python,ip-10-0-24-210.us-west-2.compute.internal,1996,2363.684
v1.30.9-eks-8cce635,2025-02-01T06:59:54Z,setup-environment,Set up Node and Python,ip-10-0-24-210.us-west-2.compute.internal,2000,3047.652
v1.30.9-eks-8cce635,2025-02-01T06:59:57Z,setup-environment,Set up Node and Python,ip-10-0-24-210.us-west-2.compute.internal,2000,3047.652
v1.30.9-eks-8cce635,2025-02-01T06:59:59Z,setup-environment,Set up Node and Python,ip-10-0-24-210.us-west-2.compute.internal,2000,3047.652
v1.30.9-eks-8cce635,2025-02-01T07:00:01Z,setup-environment,Set up Node and Python,ip-10-0-24-210.us-west-2.compute.internal,2000,3047.652
v1.30.9-eks-8cce635,2025-02-01T07:00:03Z,setup-environment,Set up Node and Python,ip-10-0-24-210.us-west-2.compute.internal,2000,3047.652
v1.30.9-eks-8cce635,2025-02-01T07:00:05Z,file-operations,File Operations,ip-10-0-24-210.us-west-2.compute.internal,2000,3047.652
v1.30.9-eks-8cce635,2025-02-01T07:00:07Z,file-operations,File Operations,ip-10-0-24-210.us-west-2.compute.internal,2000,3047.652
v1.30.9-eks-8cce635,2025-02-01T07:00:10Z,file-operations,File Operations,ip-10-0-24-210.us-west-2.compute.internal,1990,3964.797
v1.30.9-eks-8cce635,2025-02-01T07:00:12Z,file-operations,File Operations,ip-10-0-24-210.us-west-2.compute.internal,1990,3964.797
v1.30.9-eks-8cce635,2025-02-01T07:00:14Z,file-operations,File Operations,ip-10-0-24-210.us-west-2.compute.internal,1990,3964.797
v1.30.9-eks-8cce635,2025-02-01T07:00:16Z,file-operations,File Operations,ip-10-0-24-210.us-west-2.compute.internal,1990,3964.797
v1.30.9-eks-8cce635,2025-02-01T07:00:18Z,file-operations,File Operations,ip-10-0-24-210.us-west-2.compute.internal,1990,3964.797
v1.30.9-eks-8cce635,2025-02-01T07:00:20Z,file-operations,File Operations,ip-10-0-24-210.us-west-2.compute.internal,1990,3964.797
v1.30.9-eks-8cce635,2025-02-01T07:00:22Z,file-operations,File Operations,ip-10-0-24-210.us-west-2.compute.internal,1990,3964.797
v1.30.9-eks-8cce635,2025-02-01T07:00:25Z,file-operations,File Operations,ip-10-0-24-210.us-west-2.compute.internal,2000,4047.820
v1.30.9-eks-8cce635,2025-02-01T07:00:27Z,file-operations,File Operations,ip-10-0-24-210.us-west-2.compute.internal,2000,4047.820
v1.30.9-eks-8cce635,2025-02-01T07:00:29Z,file-operations,File Operations,ip-10-0-24-210.us-west-2.compute.internal,2000,4047.820
v1.30.9-eks-8cce635,2025-02-01T07:00:31Z,file-operations,File Operations,ip-10-0-24-210.us-west-2.compute.internal,2000,4047.820
v1.30.9-eks-8cce635,2025-02-01T07:00:33Z,network-stress,Network test,ip-10-0-24-210.us-west-2.compute.internal,2000,4047.820
v1.30.9-eks-8cce635,2025-02-01T07:00:35Z,network-stress,Network test,ip-10-0-24-210.us-west-2.compute.internal,2000,4047.820
v1.30.9-eks-8cce635,2025-02-01T07:00:38Z,network-stress,Network test,ip-10-0-24-210.us-west-2.compute.internal,2000,4047.820
v1.30.9-eks-8cce635,2025-02-01T07:00:40Z,network-stress,Network test,ip-10-0-24-210.us-west-2.compute.internal,2000,4060.645
v1.30.9-eks-8cce635,2025-02-01T07:00:42Z,cpu-stress,CPU Stress,ip-10-0-24-210.us-west-2.compute.internal,2000,4060.645
v1.30.9-eks-8cce635,2025-02-01T07:00:44Z,cpu-stress,CPU Stress,ip-10-0-24-210.us-west-2.compute.internal,2000,4060.645
v1.30.9-eks-8cce635,2025-02-01T07:00:46Z,cpu-stress,CPU Stress,ip-10-0-24-210.us-west-2.compute.internal,2000,4060.645
v1.30.9-eks-8cce635,2025-02-01T07:00:48Z,cpu-stress,CPU Stress,ip-10-0-24-210.us-west-2.compute.internal,2000,4060.645
v1.30.9-eks-8cce635,2025-02-01T07:00:51Z,cpu-stress,CPU Stress,ip-10-0-24-210.us-west-2.compute.internal,2000,4060.645
v1.30.9-eks-8cce635,2025-02-01T07:00:53Z,cpu-stress,CPU Stress,ip-10-0-24-210.us-west-2.compute.internal,2000,4060.645
v1.30.9-eks-8cce635,2025-02-01T07:00:55Z,cpu-stress,CPU Stress,ip-10-0-24-210.us-west-2.compute.internal,2001,3902.938
v1.30.9-eks-8cce635,2025-02-01T07:00:57Z,cpu-stress,CPU Stress,ip-10-0-24-210.us-west-2.compute.internal,2001,3902.938
v1.30.9-eks-8cce635,2025-02-01T07:00:59Z,cpu-stress,CPU Stress,ip-10-0-24-210.us-west-2.compute.internal,2001,3902.938
v1.30.9-eks-8cce635,2025-02-01T07:01:01Z,cpu-stress,CPU Stress,ip-10-0-24-210.us-west-2.compute.internal,2001,3902.938
v1.30.9-eks-8cce635,2025-02-01T07:01:04Z,cpu-stress,CPU Stress,ip-10-0-24-210.us-west-2.compute.internal,2001,3902.938
v1.30.9-eks-8cce635,2025-02-01T07:01:06Z,cpu-stress,CPU Stress,ip-10-0-24-210.us-west-2.compute.internal,2001,3902.938
v1.30.9-eks-8cce635,2025-02-01T07:01:08Z,cpu-stress,CPU Stress,ip-10-0-24-210.us-west-2.compute.internal,2001,3902.938
v1.30.9-eks-8cce635,2025-02-01T07:01:10Z,cpu-stress,CPU Stress,ip-10-0-24-210.us-west-2.compute.internal,2000,4008.137
v1.30.9-eks-8cce635,2025-02-01T07:01:12Z,cpu-stress,CPU Stress,ip-10-0-24-210.us-west-2.compute.internal,2000,4008.137
v1.30.9-eks-8cce635,2025-02-01T07:01:14Z,cpu-stress,CPU Stress,ip-10-0-24-210.us-west-2.compute.internal,2000,4008.137
v1.30.9-eks-8cce635,2025-02-01T07:01:17Z,cpu-stress,Post Harden Runner,ip-10-0-24-210.us-west-2.compute.internal,2000,4008.137
v1.30.9-eks-8cce635,2025-02-01T07:01:19Z,cpu-stress,Post Harden Runner,ip-10-0-24-210.us-west-2.compute.internal,2000,4008.137
v1.30.9-eks-8cce635,2025-02-01T07:01:21Z,cpu-stress,Post Harden Runner,ip-10-0-24-210.us-west-2.compute.internal,2000,4008.137
v1.30.9-eks-8cce635,2025-02-01T07:01:23Z,cpu-stress,Post Harden Runner,ip-10-0-24-210.us-west-2.compute.internal,2000,4008.137
v1.30.9-eks-8cce635,2025-02-01T07:01:25Z,cpu-stress,Post Harden Runner,ip-10-0-24-210.us-west-2.compute.internal,2000,2469.062
v1.30.9-eks-8cce635,2025-02-01T07:01:27Z,cpu-stress,Post Harden Runner,ip-10-0-24-210.us-west-2.compute.internal,2000,2469.062
v1.30.9-eks-8cce635,2025-02-01T07:01:29Z,cpu-stress,Post Harden Runner,ip-10-0-24-210.us-west-2.compute.internal,2000,2469.062
v1.30.9-eks-8cce635,2025-02-01T07:01:32Z,cpu-stress,Complete runner,ip-10-0-24-210.us-west-2.compute.internal,2000,2469.062
v1.30.9-eks-8cce635,2025-02-01T07:01:34Z,cpu-stress,Complete runner,ip-10-0-24-210.us-west-2.compute.internal,2000,2469.062
v1.30.9-eks-8cce635,2025-02-01T07:01:36Z,setup-environment,Install Node and Python Dependencies,ip-10-0-24-210.us-west-2.compute.internal,2000,2469.062
v1.30.9-eks-8cce635,2025-02-01T07:01:38Z,setup-environment,Install Node and Python Dependencies,ip-10-0-24-210.us-west-2.compute.internal,2000,2469.062
v1.30.9-eks-8cce635,2025-02-01T07:01:40Z,setup-environment,Install Node and Python Dependencies,ip-10-0-24-210.us-west-2.compute.internal,2001,2612.230
v1.30.9-eks-8cce635,2025-02-01T07:01:42Z,setup-environment,Install Node and Python Dependencies,ip-10-0-24-210.us-west-2.compute.internal,2001,2612.230
v1.30.9-eks-8cce635,2025-02-01T07:01:45Z,setup-environment,Install Node and Python Dependencies,ip-10-0-24-210.us-west-2.compute.internal,2001,2612.230
v1.30.9-eks-8cce635,2025-02-01T07:01:47Z,setup-environment,Install Node and Python Dependencies,ip-10-0-24-210.us-west-2.compute.internal,2001,2612.230
v1.30.9-eks-8cce635,2025-02-01T07:01:49Z,setup-environment,Install Node and Python Dependencies,ip-10-0-24-210.us-west-2.compute.internal,2001,2612.230
v1.30.9-eks-8cce635,2025-02-01T07:01:51Z,setup-environment,Install Node and Python Dependencies,ip-10-0-24-210.us-west-2.compute.internal,2001,2612.230
v1.30.9-eks-8cce635,2025-02-01T07:01:53Z,setup-environment,Install Node and Python Dependencies,ip-10-0-24-210.us-west-2.compute.internal,2001,2612.230
v1.30.9-eks-8cce635,2025-02-01T07:01:55Z,setup-environment,Install Node and Python Dependencies,ip-10-0-24-210.us-west-2.compute.internal,2000,2599.383
v1.30.9-eks-8cce635,2025-02-01T07:01:58Z,setup-environment,Install Node and Python Dependencies,ip-10-0-24-210.us-west-2.compute.internal,2000,2599.383
v1.30.9-eks-8cce635,2025-02-01T07:02:00Z,setup-environment,Install Node and Python Dependencies,ip-10-0-24-210.us-west-2.compute.internal,2000,2599.383
v1.30.9-eks-8cce635,2025-02-01T07:02:02Z,setup-environment,Install Node and Python Dependencies,ip-10-0-24-210.us-west-2.compute.internal,2000,2599.383
v1.30.9-eks-8cce635,2025-02-01T07:02:04Z,setup-environment,Install Node and Python Dependencies,ip-10-0-24-210.us-west-2.compute.internal,2000,2599.383
v1.30.9-eks-8cce635,2025-02-01T07:02:06Z,setup-environment,Install Node and Python Dependencies,ip-10-0-24-210.us-west-2.compute.internal,2000,2599.383
v1.30.9-eks-8cce635,2025-02-01T07:02:08Z,setup-environment,Install Node and Python Dependencies,ip-10-0-24-210.us-west-2.compute.internal,2000,2599.383
v1.30.9-eks-8cce635,2025-02-01T07:02:11Z,setup-environment,Install Node and Python Dependencies,ip-10-0-24-210.us-west-2.compute.internal,1999,3422.809
v1.30.9-eks-8cce635,2025-02-01T07:02:13Z,setup-environment,Install Node and Python Dependencies,ip-10-0-24-210.us-west-2.compute.internal,1999,3422.809
v1.30.9-eks-8cce635,2025-02-01T07:02:15Z,setup-environment,Install Node and Python Dependencies,ip-10-0-24-210.us-west-2.compute.internal,1999,3422.809
v1.30.9-eks-8cce635,2025-02-01T07:02:17Z,setup-environment,Install Node and Python Dependencies,ip-10-0-24-210.us-west-2.compute.internal,1999,3422.809
v1.30.9-eks-8cce635,2025-02-01T07:02:19Z,setup-environment,Install Node and Python Dependencies,ip-10-0-24-210.us-west-2.compute.internal,1999,3422.809
v1.30.9-eks-8cce635,2025-02-01T07:02:21Z,setup-environment,Install Node and Python Dependencies,ip-10-0-24-210.us-west-2.compute.internal,1999,3422.809
v1.30.9-eks-8cce635,2025-02-01T07:02:24Z,setup-environment,Install Node and Python Dependencies,ip-10-0-24-210.us-west-2.compute.internal,1999,3422.809
v1.30.9-eks-8cce635,2025-02-01T07:02:26Z,setup-environment,Install Node and Python Dependencies,ip-10-0-24-210.us-west-2.compute.internal,2000,3888.363
v1.30.9-eks-8cce635,2025-02-01T07:02:28Z,setup-environment,Install Node and Python Dependencies,ip-10-0-24-210.us-west-2.compute.internal,2000,3888.363
v1.30.9-eks-8cce635,2025-02-01T07:02:30Z,setup-environment,Install Node and Python Dependencies,ip-10-0-24-210.us-west-2.compute.internal,2000,3888.363
v1.30.9-eks-8cce635,2025-02-01T07:02:32Z,setup-environment,Install Node and Python Dependencies,ip-10-0-24-210.us-west-2.compute.internal,2000,3888.363
v1.30.9-eks-8cce635,2025-02-01T07:02:34Z,setup-environment,Install Node and Python Dependencies,ip-10-0-24-210.us-west-2.compute.internal,2000,3888.363
v1.30.9-eks-8cce635,2025-02-01T07:02:37Z,setup-environment,Install Node and Python Dependencies,ip-10-0-24-210.us-west-2.compute.internal,2000,3888.363
v1.30.9-eks-8cce635,2025-02-01T07:02:39Z,setup-environment,Install Node and Python Dependencies,ip-10-0-24-210.us-west-2.compute.internal,2000,3888.363
v1.30.9-eks-8cce635,2025-02-01T07:02:41Z,setup-environment,Install Node and Python Dependencies,ip-10-0-24-210.us-west-2.compute.internal,2000,3879.629
v1.30.9-eks-8cce635,2025-02-01T07:02:43Z,setup-environment,Install Node and Python Dependencies,ip-10-0-24-210.us-west-2.compute.internal,2000,3879.629
v1.30.9-eks-8cce635,2025-02-01T07:02:45Z,setup-environment,Install Node and Python Dependencies,ip-10-0-24-210.us-west-2.compute.internal,2000,3879.629
v1.30.9-eks-8cce635,2025-02-01T07:02:47Z,setup-environment,Install Node and Python Dependencies,ip-10-0-24-210.us-west-2.compute.internal,2000,3879.629
v1.30.9-eks-8cce635,2025-02-01T07:02:50Z,setup-environment,Install Node and Python Dependencies,ip-10-0-24-210.us-west-2.compute.internal,2000,3879.629
v1.30.9-eks-8cce635,2025-02-01T07:02:52Z,setup-environment,Install Node and Python Dependencies,ip-10-0-24-210.us-west-2.compute.internal,2000,3879.629
v1.30.9-eks-8cce635,2025-02-01T07:02:54Z,setup-environment,Install Node and Python Dependencies,ip-10-0-24-210.us-west-2.compute.internal,2000,3879.629
v1.30.9-eks-8cce635,2025-02-01T07:02:56Z,setup-environment,Install Node and Python Dependencies,ip-10-0-24-210.us-west-2.compute.internal,2001,3737.441
v1.30.9-eks-8cce635,2025-02-01T07:02:58Z,setup-environment,Install Node and Python Dependencies,ip-10-0-24-210.us-west-2.compute.internal,2001,3737.441
v1.30.9-eks-8cce635,2025-02-01T07:03:00Z,setup-environment,Install Node and Python Dependencies,ip-10-0-24-210.us-west-2.compute.internal,2001,3737.441
v1.30.9-eks-8cce635,2025-02-01T07:03:03Z,setup-environment,Install Node and Python Dependencies,ip-10-0-24-210.us-west-2.compute.internal,2001,3737.441
v1.30.9-eks-8cce635,2025-02-01T07:03:05Z,setup-environment,Install Node and Python Dependencies,ip-10-0-24-210.us-west-2.compute.internal,2001,3737.441
v1.30.9-eks-8cce635,2025-02-01T07:03:07Z,setup-environment,Install Node and Python Dependencies,ip-10-0-24-210.us-west-2.compute.internal,2001,3737.441
v1.30.9-eks-8cce635,2025-02-01T07:03:09Z,setup-environment,Install Node and Python Dependencies,ip-10-0-24-210.us-west-2.compute.internal,2000,3824.070
v1.30.9-eks-8cce635,2025-02-01T07:03:11Z,setup-environment,Post Set up Node and Python,ip-10-0-24-210.us-west-2.compute.internal,2000,3824.070
v1.30.9-eks-8cce635,2025-02-01T07:03:13Z,setup-environment,Post Set up Node and Python,ip-10-0-24-210.us-west-2.compute.internal,2000,3824.070
v1.30.9-eks-8cce635,2025-02-01T07:03:16Z,setup-environment,Post Harden Runner,ip-10-0-24-210.us-west-2.compute.internal,2000,3824.070
v1.30.9-eks-8cce635,2025-02-01T07:03:18Z,docker-operation,Docker Build,ip-10-0-24-210.us-west-2.compute.internal,2000,3824.070
v1.30.9-eks-8cce635,2025-02-01T07:03:20Z,docker-operation,Docker Build,ip-10-0-24-210.us-west-2.compute.internal,2000,3824.070
v1.30.9-eks-8cce635,2025-02-01T07:03:22Z,docker-operation,Docker Build,ip-10-0-24-210.us-west-2.compute.internal,2000,3824.070
v1.30.9-eks-8cce635,2025-02-01T07:03:24Z,docker-operation,Docker Build,ip-10-0-24-210.us-west-2.compute.internal,2001,3827.215
v1.30.9-eks-8cce635,2025-02-01T07:03:26Z,docker-operation,Docker Build,ip-10-0-24-210.us-west-2.compute.internal,2001,3827.215
v1.30.9-eks-8cce635,2025-02-01T07:03:29Z,docker-operation,Docker Build,ip-10-0-24-210.us-west-2.compute.internal,2001,3827.215
v1.30.9-eks-8cce635,2025-02-01T07:03:31Z,docker-operation,Docker Build,ip-10-0-24-210.us-west-2.compute.internal,2001,3827.215
v1.30.9-eks-8cce635,2025-02-01T07:03:33Z,docker-operation,Docker Build,ip-10-0-24-210.us-west-2.compute.internal,2001,3827.215
v1.30.9-eks-8cce635,2025-02-01T07:03:35Z,docker-operation,Docker Build,ip-10-0-24-210.us-west-2.compute.internal,2001,3827.215
v1.30.9-eks-8cce635,2025-02-01T07:03:37Z,docker-operation,Docker Build,ip-10-0-24-210.us-west-2.compute.internal,2001,3827.215
v1.30.9-eks-8cce635,2025-02-01T07:03:39Z,docker-operation,Docker Build,ip-10-0-24-210.us-west-2.compute.internal,2000,3701.758
v1.30.9-eks-8cce635,2025-02-01T07:03:42Z,docker-operation,Docker Build,ip-10-0-24-210.us-west-2.compute.internal,2000,3701.758
v1.30.9-eks-8cce635,2025-02-01T07:03:44Z,docker-operation,Docker Build,ip-10-0-24-210.us-west-2.compute.internal,2000,3701.758
v1.30.9-eks-8cce635,2025-02-01T07:03:46Z,docker-operation,Docker Build,ip-10-0-24-210.us-west-2.compute.internal,2000,3701.758
v1.30.9-eks-8cce635,2025-02-01T07:03:48Z,docker-operation,Docker Build,ip-10-0-24-210.us-west-2.compute.internal,2000,3701.758
v1.30.9-eks-8cce635,2025-02-01T07:03:50Z,docker-operation,Docker Build,ip-10-0-24-210.us-west-2.compute.internal,2000,3701.758
v1.30.9-eks-8cce635,2025-02-01T07:03:52Z,docker-operation,Docker Build,ip-10-0-24-210.us-west-2.compute.internal,2000,3701.758
v1.30.9-eks-8cce635,2025-02-01T07:03:54Z,docker-operation,Docker Build,ip-10-0-24-210.us-west-2.compute.internal,2000,2129.199
v1.30.9-eks-8cce635,2025-02-01T07:03:57Z,docker-operation,Docker Build,ip-10-0-24-210.us-west-2.compute.internal,2000,2129.199
v1.30.9-eks-8cce635,2025-02-01T07:03:59Z,docker-operation,Docker Build,ip-10-0-24-210.us-west-2.compute.internal,2000,2129.199
v1.30.9-eks-8cce635,2025-02-01T07:04:01Z,docker-operation,Docker Build,ip-10-0-24-210.us-west-2.compute.internal,2000,2129.199
v1.30.9-eks-8cce635,2025-02-01T07:04:03Z,docker-operation,Docker Build,ip-10-0-24-210.us-west-2.compute.internal,2000,2129.199
v1.30.9-eks-8cce635,2025-02-01T07:04:05Z,docker-operation,Docker Build,ip-10-0-24-210.us-west-2.compute.internal,2000,2129.199
v1.30.9-eks-8cce635,2025-02-01T07:04:07Z,docker-operation,Docker Build,ip-10-0-24-210.us-west-2.compute.internal,2000,2129.199
v1.30.9-eks-8cce635,2025-02-01T07:04:10Z,docker-operation,Docker Build,ip-10-0-24-210.us-west-2.compute.internal,1924,2192.977
v1.30.9-eks-8cce635,2025-02-01T07:04:12Z,docker-operation,Docker Build,ip-10-0-24-210.us-west-2.compute.internal,1924,2192.977
v1.30.9-eks-8cce635,2025-02-01T07:04:14Z,docker-operation,Docker Build,ip-10-0-24-210.us-west-2.compute.internal,1924,2192.977
v1.30.9-eks-8cce635,2025-02-01T07:04:16Z,docker-operation,Docker Build,ip-10-0-24-210.us-west-2.compute.internal,1924,2192.977
v1.30.9-eks-8cce635,2025-02-01T07:04:18Z,docker-operation,Docker Build,ip-10-0-24-210.us-west-2.compute.internal,1924,2192.977
v1.30.9-eks-8cce635,2025-02-01T07:04:20Z,docker-operation,Docker Build,ip-10-0-24-210.us-west-2.compute.internal,1924,2192.977
v1.30.9-eks-8cce635,2025-02-01T07:04:23Z,docker-operation,Docker Build,ip-10-0-24-210.us-west-2.compute.internal,1924,2192.977
v1.30.9-eks-8cce635,2025-02-01T07:04:25Z,docker-operation,Docker Build,ip-10-0-24-210.us-west-2.compute.internal,1913,2429.836
v1.30.9-eks-8cce635,2025-02-01T07:04:27Z,docker-operation,Docker Build,ip-10-0-24-210.us-west-2.compute.internal,1913,2429.836
v1.30.9-eks-8cce635,2025-02-01T07:04:29Z,docker-operation,Docker Build,ip-10-0-24-210.us-west-2.compute.internal,1913,2429.836
v1.30.9-eks-8cce635,2025-02-01T07:04:31Z,docker-operation,Docker Build,ip-10-0-24-210.us-west-2.compute.internal,1913,2429.836
v1.30.9-eks-8cce635,2025-02-01T07:04:33Z,docker-operation,Docker Build,ip-10-0-24-210.us-west-2.compute.internal,1913,2429.836
v1.30.9-eks-8cce635,2025-02-01T07:04:36Z,docker-operation,Docker Build,ip-10-0-24-210.us-west-2.compute.internal,1913,2429.836
v1.30.9-eks-8cce635,2025-02-01T07:04:38Z,docker-operation,Docker Build,ip-10-0-24-210.us-west-2.compute.internal,1913,2429.836
v1.30.9-eks-8cce635,2025-02-01T07:04:40Z,docker-operation,Docker Build,ip-10-0-24-210.us-west-2.compute.internal,2001,2537.578
v1.30.9-eks-8cce635,2025-02-01T07:04:42Z,docker-operation,Docker Build,ip-10-0-24-210.us-west-2.compute.internal,2001,2537.578
v1.30.9-eks-8cce635,2025-02-01T07:04:44Z,docker-operation,Docker Build,ip-10-0-24-210.us-west-2.compute.internal,2001,2537.578
v1.30.9-eks-8cce635,2025-02-01T07:04:46Z,docker-operation,Docker Build,ip-10-0-24-210.us-west-2.compute.internal,2001,2537.578
v1.30.9-eks-8cce635,2025-02-01T07:04:49Z,docker-operation,Docker Build,ip-10-0-24-210.us-west-2.compute.internal,2001,2537.578
v1.30.9-eks-8cce635,2025-02-01T07:04:51Z,docker-operation,Docker Build,ip-10-0-24-210.us-west-2.compute.internal,2001,2537.578
v1.30.9-eks-8cce635,2025-02-01T07:04:53Z,docker-operation,Docker Build,ip-10-0-24-210.us-west-2.compute.internal,2001,2537.578
v1.30.9-eks-8cce635,2025-02-01T07:04:55Z,docker-operation,Docker Build,ip-10-0-24-210.us-west-2.compute.internal,1995,2732.277
v1.30.9-eks-8cce635,2025-02-01T07:04:57Z,docker-operation,Docker Build,ip-10-0-24-210.us-west-2.compute.internal,1995,2732.277
v1.30.9-eks-8cce635,2025-02-01T07:04:59Z,docker-operation,Docker Build,ip-10-0-24-210.us-west-2.compute.internal,1995,2732.277
v1.30.9-eks-8cce635,2025-02-01T07:05:02Z,docker-operation,Docker Build,ip-10-0-24-210.us-west-2.compute.internal,1995,2732.277
v1.30.9-eks-8cce635,2025-02-01T07:05:04Z,docker-operation,Docker Build,ip-10-0-24-210.us-west-2.compute.internal,1995,2732.277
v1.30.9-eks-8cce635,2025-02-01T07:05:06Z,docker-operation,Docker Build,ip-10-0-24-210.us-west-2.compute.internal,1995,2732.277
v1.30.9-eks-8cce635,2025-02-01T07:05:08Z,docker-operation,Docker Build,ip-10-0-24-210.us-west-2.compute.internal,1995,2732.277
v1.30.9-eks-8cce635,2025-02-01T07:05:10Z,docker-operation,Docker Build,ip-10-0-24-210.us-west-2.compute.internal,2001,2572.711
v1.30.9-eks-8cce635,2025-02-01T07:05:13Z,docker-operation,Docker Build,ip-10-0-24-210.us-west-2.compute.internal,2001,2572.711
v1.30.9-eks-8cce635,2025-02-01T07:05:15Z,docker-operation,Docker Build,ip-10-0-24-210.us-west-2.compute.internal,2001,2572.711
v1.30.9-eks-8cce635,2025-02-01T07:05:17Z,docker-operation,Docker Build,ip-10-0-24-210.us-west-2.compute.internal,2001,2572.711
v1.30.9-eks-8cce635,2025-02-01T07:05:19Z,docker-operation,Docker Build,ip-10-0-24-210.us-west-2.compute.internal,2001,2572.711
v1.30.9-eks-8cce635,2025-02-01T07:05:21Z,docker-operation,Docker Build,ip-10-0-24-210.us-west-2.compute.internal,2001,2572.711
v1.30.9-eks-8cce635,2025-02-01T07:05:24Z,docker-operation,Docker Build,ip-10-0-24-210.us-west-2.compute.internal,2001,2572.711
v1.30.9-eks-8cce635,2025-02-01T07:05:26Z,docker-operation,Docker Build,ip-10-0-24-210.us-west-2.compute.internal,2000,2510.863
v1.30.9-eks-8cce635,2025-02-01T07:05:28Z,docker-operation,Docker Build,ip-10-0-24-210.us-west-2.compute.internal,2000,2510.863
v1.30.9-eks-8cce635,2025-02-01T07:05:30Z,docker-operation,Docker Build,ip-10-0-24-210.us-west-2.compute.internal,2000,2510.863
v1.30.9-eks-8cce635,2025-02-01T07:05:32Z,docker-operation,Docker Build,ip-10-0-24-210.us-west-2.compute.internal,2000,2510.863
v1.30.9-eks-8cce635,2025-02-01T07:05:35Z,docker-operation,Docker Build,ip-10-0-24-210.us-west-2.compute.internal,2000,2510.863
v1.30.9-eks-8cce635,2025-02-01T07:05:37Z,docker-operation,Docker Build,ip-10-0-24-210.us-west-2.compute.internal,2000,2510.863
v1.30.9-eks-8cce635,2025-02-01T07:05:39Z,docker-operation,Docker Build,ip-10-0-24-210.us-west-2.compute.internal,2000,2510.863
v1.30.9-eks-8cce635,2025-02-01T07:05:41Z,docker-operation,Docker Build,ip-10-0-24-210.us-west-2.compute.internal,1991,2474.996
v1.30.9-eks-8cce635,2025-02-01T07:05:43Z,docker-operation,Docker Build,ip-10-0-24-210.us-west-2.compute.internal,1991,2474.996
v1.30.9-eks-8cce635,2025-02-01T07:05:46Z,docker-operation,Docker Build,ip-10-0-24-210.us-west-2.compute.internal,1991,2474.996
v1.30.9-eks-8cce635,2025-02-01T07:05:48Z,docker-operation,Docker Build,ip-10-0-24-210.us-west-2.compute.internal,1991,2474.996
v1.30.9-eks-8cce635,2025-02-01T07:05:50Z,docker-operation,Docker Build,ip-10-0-24-210.us-west-2.compute.internal,1991,2474.996
v1.30.9-eks-8cce635,2025-02-01T07:05:52Z,docker-operation,Docker Build,ip-10-0-24-210.us-west-2.compute.internal,1991,2474.996
v1.30.9-eks-8cce635,2025-02-01T07:05:54Z,docker-operation,Docker Build,ip-10-0-24-210.us-west-2.compute.internal,1642,2250.527
v1.30.9-eks-8cce635,2025-02-01T07:05:57Z,docker-operation,Docker Build,ip-10-0-24-210.us-west-2.compute.internal,1642,2250.527
v1.30.9-eks-8cce635,2025-02-01T07:05:59Z,docker-operation,Docker Build,ip-10-0-24-210.us-west-2.compute.internal,1642,2250.527
v1.30.9-eks-8cce635,2025-02-01T07:06:01Z,docker-operation,Docker Build,ip-10-0-24-210.us-west-2.compute.internal,1642,2250.527
v1.30.9-eks-8cce635,2025-02-01T07:06:03Z,docker-operation,Docker Build,ip-10-0-24-210.us-west-2.compute.internal,1642,2250.527
v1.30.9-eks-8cce635,2025-02-01T07:06:05Z,docker-operation,Docker Build,ip-10-0-24-210.us-west-2.compute.internal,1642,2250.527
v1.30.9-eks-8cce635,2025-02-01T07:06:07Z,docker-operation,Docker Build,ip-10-0-24-210.us-west-2.compute.internal,1642,2250.527
v1.30.9-eks-8cce635,2025-02-01T07:06:10Z,docker-operation,Docker Run,ip-10-0-24-210.us-west-2.compute.internal,1964,2346.883
v1.30.9-eks-8cce635,2025-02-01T07:06:12Z,docker-operation,Docker Run,ip-10-0-24-210.us-west-2.compute.internal,1964,2346.883
v1.30.9-eks-8cce635,2025-02-01T07:06:14Z,docker-operation,Docker Run,ip-10-0-24-210.us-west-2.compute.internal,1964,2346.883
v1.30.9-eks-8cce635,2025-02-01T07:06:16Z,docker-operation,Docker Run,ip-10-0-24-210.us-west-2.compute.internal,1964,2346.883
v1.30.9-eks-8cce635,2025-02-01T07:06:18Z,docker-operation,Post Check out repository,ip-10-0-24-210.us-west-2.compute.internal,1964,2346.883
v1.30.9-eks-8cce635,2025-02-01T07:06:21Z,docker-operation,Post Harden Runner,ip-10-0-24-210.us-west-2.compute.internal,1964,2346.883
v1.30.9-eks-8cce635,2025-02-01T07:06:23Z,NA,NA,ip-10-0-24-210.us-west-2.compute.internal,1964,2346.883
v1.30.9-eks-8cce635,2025-02-01T07:06:25Z,NA,NA,ip-10-0-24-210.us-west-2.compute.internal,1982,2481.723
v1.30.9-eks-8cce635,2025-02-01T07:06:27Z,NA,NA,ip-10-0-24-210.us-west-2.compute.internal,1982,2481.723
v1.30.9-eks-8cce635,2025-02-01T07:06:29Z,NA,NA,ip-10-0-24-210.us-west-2.compute.internal,1982,2481.723
